"INCP_2016","Total Personal Income - weekly","AGE","Age","SEX_ABS","Sex","STATE","State","REGIONTYPE","Geography Level","LGA_2016","Region","TIME","Census year","Value","Flag Codes","Flags"
"TOT","Total","A15","15 - 19","3","Persons","1","New South Wales","LGA2016","Local Government Areas (2016)","10050","Albury (C)","2016","2016",3248,,
"TOT","Total","A15","15 - 19","3","Persons","1","New South Wales","LGA2016","Local Government Areas (2016)","10130","Armidale Regional (A)","2016","2016",2560,,
"TOT","Total","A15","15 - 19","3","Persons","1","New South Wales","LGA2016","Local Government Areas (2016)","10250","Ballina (A)","2016","2016",2384,,
"TOT","Total","A15","15 - 19","3","Persons","1","New South Wales","LGA2016","Local Government Areas (2016)","10300","Balranald (A)","2016","2016",135,,
"TOT","Total","A15","15 - 19","3","Persons","1","New South Wales","LGA2016","Local Government Areas (2016)","10470","Bathurst Regional (A)","2016","2016",2980,,
"TOT","Total","A15","15 - 19","3","Persons","1","New South Wales","LGA2016","Local Government Areas (2016)","10550","Bega Valley (A)","2016","2016",1792,,
"TOT","Total","A15","15 - 19","3","Persons","1","New South Wales","LGA2016","Local Government Areas (2016)","10600","Bellingen (A)","2016","2016",719,,
"TOT","Total","A15","15 - 19","3","Persons","1","New South Wales","LGA2016","Local Government Areas (2016)","10650","Berrigan (A)","2016","2016",421,,
"TOT","Total","A15","15 - 19","3","Persons","1","New South Wales","LGA2016","Local Government Areas (2016)","10750","Blacktown (C)","2016","2016",23289,,
"TOT","Total","A15","15 - 19","3","Persons","1","New South Wales","LGA2016","Local Government Areas (2016)","10800","Bland (A)","2016","2016",333,,
"TOT","Total","A15","15 - 19","3","Persons","1","New South Wales","LGA2016","Local Government Areas (2016)","10850","Blayney (A)","2016","2016",457,,
"TOT","Total","A15","15 - 19","3","Persons","1","New South Wales","LGA2016","Local Government Areas (2016)","10900","Blue Mountains (C)","2016","2016",4769,,
"TOT","Total","A15","15 - 19","3","Persons","1","New South Wales","LGA2016","Local Government Areas (2016)","10950","Bogan (A)","2016","2016",167,,
"TOT","Total","A15","15 - 19","3","Persons","1","New South Wales","LGA2016","Local Government Areas (2016)","11100","Botany Bay (C)","2016","2016",2651,,
"TOT","Total","A15","15 - 19","3","Persons","1","New South Wales","LGA2016","Local Government Areas (2016)","11150","Bourke (A)","2016","2016",121,,
"TOT","Total","A15","15 - 19","3","Persons","1","New South Wales","LGA2016","Local Government Areas (2016)","11200","Brewarrina (A)","2016","2016",95,,
"TOT","Total","A15","15 - 19","3","Persons","1","New South Wales","LGA2016","Local Government Areas (2016)","11250","Broken Hill (C)","2016","2016",949,,
"TOT","Total","A15","15 - 19","3","Persons","1","New South Wales","LGA2016","Local Government Areas (2016)","11300","Burwood (A)","2016","2016",2156,,
"TOT","Total","A15","15 - 19","3","Persons","1","New South Wales","LGA2016","Local Government Areas (2016)","11350","Byron (A)","2016","2016",1607,,
"TOT","Total","A15","15 - 19","3","Persons","1","New South Wales","LGA2016","Local Government Areas (2016)","11400","Cabonne (A)","2016","2016",907,,
"TOT","Total","A15","15 - 19","3","Persons","1","New South Wales","LGA2016","Local Government Areas (2016)","11450","Camden (A)","2016","2016",5357,,
"TOT","Total","A15","15 - 19","3","Persons","1","New South Wales","LGA2016","Local Government Areas (2016)","11500","Campbelltown (C) (NSW)","2016","2016",10656,,
"TOT","Total","A15","15 - 19","3","Persons","1","New South Wales","LGA2016","Local Government Areas (2016)","11520","Canada Bay (A)","2016","2016",4009,,
"TOT","Total","A15","15 - 19","3","Persons","1","New South Wales","LGA2016","Local Government Areas (2016)","11570","Canterbury-Bankstown (A)","2016","2016",21865,,
"TOT","Total","A15","15 - 19","3","Persons","1","New South Wales","LGA2016","Local Government Areas (2016)","11600","Carrathool (A)","2016","2016",156,,
"TOT","Total","A15","15 - 19","3","Persons","1","New South Wales","LGA2016","Local Government Areas (2016)","11650","Central Coast (C) (NSW)","2016","2016",19930,,
"TOT","Total","A15","15 - 19","3","Persons","1","New South Wales","LGA2016","Local Government Areas (2016)","11700","Central Darling (A)","2016","2016",123,,
"TOT","Total","A15","15 - 19","3","Persons","1","New South Wales","LGA2016","Local Government Areas (2016)","11720","Cessnock (C)","2016","2016",3454,,
"TOT","Total","A15","15 - 19","3","Persons","1","New South Wales","LGA2016","Local Government Areas (2016)","11730","Clarence Valley (A)","2016","2016",2961,,
"TOT","Total","A15","15 - 19","3","Persons","1","New South Wales","LGA2016","Local Government Areas (2016)","11750","Cobar (A)","2016","2016",252,,
"TOT","Total","A15","15 - 19","3","Persons","1","New South Wales","LGA2016","Local Government Areas (2016)","11800","Coffs Harbour (C)","2016","2016",4331,,
"TOT","Total","A15","15 - 19","3","Persons","1","New South Wales","LGA2016","Local Government Areas (2016)","12000","Coolamon (A)","2016","2016",259,,
"TOT","Total","A15","15 - 19","3","Persons","1","New South Wales","LGA2016","Local Government Areas (2016)","12150","Coonamble (A)","2016","2016",201,,
"TOT","Total","A15","15 - 19","3","Persons","1","New South Wales","LGA2016","Local Government Areas (2016)","12350","Cowra (A)","2016","2016",739,,
"TOT","Total","A15","15 - 19","3","Persons","1","New South Wales","LGA2016","Local Government Areas (2016)","12380","Cumberland (A)","2016","2016",12528,,
"TOT","Total","A15","15 - 19","3","Persons","1","New South Wales","LGA2016","Local Government Areas (2016)","12700","Dungog (A)","2016","2016",557,,
"TOT","Total","A15","15 - 19","3","Persons","1","New South Wales","LGA2016","Local Government Areas (2016)","12730","Edward River (A)","2016","2016",507,,
"TOT","Total","A15","15 - 19","3","Persons","1","New South Wales","LGA2016","Local Government Areas (2016)","12750","Eurobodalla (A)","2016","2016",1799,,
"TOT","Total","A15","15 - 19","3","Persons","1","New South Wales","LGA2016","Local Government Areas (2016)","12850","Fairfield (C)","2016","2016",14169,,
"TOT","Total","A15","15 - 19","3","Persons","1","New South Wales","LGA2016","Local Government Areas (2016)","12870","Federation (A)","2016","2016",672,,
"TOT","Total","A15","15 - 19","3","Persons","1","New South Wales","LGA2016","Local Government Areas (2016)","12900","Forbes (A)","2016","2016",631,,
"TOT","Total","A15","15 - 19","3","Persons","1","New South Wales","LGA2016","Local Government Areas (2016)","12930","Georges River (A)","2016","2016",8900,,
"TOT","Total","A15","15 - 19","3","Persons","1","New South Wales","LGA2016","Local Government Areas (2016)","12950","Gilgandra (A)","2016","2016",233,,
"TOT","Total","A15","15 - 19","3","Persons","1","New South Wales","LGA2016","Local Government Areas (2016)","13010","Glen Innes Severn (A)","2016","2016",472,,
"TOT","Total","A15","15 - 19","3","Persons","1","New South Wales","LGA2016","Local Government Areas (2016)","13310","Goulburn Mulwaree (A)","2016","2016",1741,,
"TOT","Total","A15","15 - 19","3","Persons","1","New South Wales","LGA2016","Local Government Areas (2016)","13340","Greater Hume Shire (A)","2016","2016",677,,
"TOT","Total","A15","15 - 19","3","Persons","1","New South Wales","LGA2016","Local Government Areas (2016)","13450","Griffith (C)","2016","2016",1624,,
"TOT","Total","A15","15 - 19","3","Persons","1","New South Wales","LGA2016","Local Government Areas (2016)","13510","Gundagai (A)","2016","2016",607,,
"TOT","Total","A15","15 - 19","3","Persons","1","New South Wales","LGA2016","Local Government Areas (2016)","13550","Gunnedah (A)","2016","2016",702,,
"TOT","Total","A15","15 - 19","3","Persons","1","New South Wales","LGA2016","Local Government Areas (2016)","13660","Gwydir (A)","2016","2016",248,,
"TOT","Total","A15","15 - 19","3","Persons","1","New South Wales","LGA2016","Local Government Areas (2016)","13800","Hawkesbury (C)","2016","2016",4580,,
"TOT","Total","A15","15 - 19","3","Persons","1","New South Wales","LGA2016","Local Government Areas (2016)","13850","Hay (A)","2016","2016",173,,
"TOT","Total","A15","15 - 19","3","Persons","1","New South Wales","LGA2016","Local Government Areas (2016)","13910","Hilltops (A)","2016","2016",1148,,
"TOT","Total","A15","15 - 19","3","Persons","1","New South Wales","LGA2016","Local Government Areas (2016)","14000","Hornsby (A)","2016","2016",9677,,
"TOT","Total","A15","15 - 19","3","Persons","1","New South Wales","LGA2016","Local Government Areas (2016)","14100","Hunters Hill (A)","2016","2016",1162,,
"TOT","Total","A15","15 - 19","3","Persons","1","New South Wales","LGA2016","Local Government Areas (2016)","14170","Inner West (A)","2016","2016",6783,,
"TOT","Total","A15","15 - 19","3","Persons","1","New South Wales","LGA2016","Local Government Areas (2016)","14200","Inverell (A)","2016","2016",1042,,
"TOT","Total","A15","15 - 19","3","Persons","1","New South Wales","LGA2016","Local Government Areas (2016)","14300","Junee (A)","2016","2016",332,,
"TOT","Total","A15","15 - 19","3","Persons","1","New South Wales","LGA2016","Local Government Areas (2016)","14350","Kempsey (A)","2016","2016",1653,,
"TOT","Total","A15","15 - 19","3","Persons","1","New South Wales","LGA2016","Local Government Areas (2016)","14400","Kiama (A)","2016","2016",1254,,
"TOT","Total","A15","15 - 19","3","Persons","1","New South Wales","LGA2016","Local Government Areas (2016)","14500","Ku-ring-gai (A)","2016","2016",9293,,
"TOT","Total","A15","15 - 19","3","Persons","1","New South Wales","LGA2016","Local Government Areas (2016)","14550","Kyogle (A)","2016","2016",502,,
"TOT","Total","A15","15 - 19","3","Persons","1","New South Wales","LGA2016","Local Government Areas (2016)","14600","Lachlan (A)","2016","2016",322,,
"TOT","Total","A15","15 - 19","3","Persons","1","New South Wales","LGA2016","Local Government Areas (2016)","14650","Lake Macquarie (C)","2016","2016",12210,,
"TOT","Total","A15","15 - 19","3","Persons","1","New South Wales","LGA2016","Local Government Areas (2016)","14700","Lane Cove (A)","2016","2016",1925,,
"TOT","Total","A15","15 - 19","3","Persons","1","New South Wales","LGA2016","Local Government Areas (2016)","14750","Leeton (A)","2016","2016",953,,
"TOT","Total","A15","15 - 19","3","Persons","1","New South Wales","LGA2016","Local Government Areas (2016)","14850","Lismore (C)","2016","2016",2785,,
"TOT","Total","A15","15 - 19","3","Persons","1","New South Wales","LGA2016","Local Government Areas (2016)","14870","Lithgow (C)","2016","2016",1193,,
"TOT","Total","A15","15 - 19","3","Persons","1","New South Wales","LGA2016","Local Government Areas (2016)","14900","Liverpool (C)","2016","2016",14886,,
"TOT","Total","A15","15 - 19","3","Persons","1","New South Wales","LGA2016","Local Government Areas (2016)","14920","Liverpool Plains (A)","2016","2016",424,,
"TOT","Total","A15","15 - 19","3","Persons","1","New South Wales","LGA2016","Local Government Areas (2016)","14950","Lockhart (A)","2016","2016",189,,
"TOT","Total","A15","15 - 19","3","Persons","1","New South Wales","LGA2016","Local Government Areas (2016)","15050","Maitland (C)","2016","2016",4943,,
"TOT","Total","A15","15 - 19","3","Persons","1","New South Wales","LGA2016","Local Government Areas (2016)","15240","Mid-Coast (A)","2016","2016",4782,,
"TOT","Total","A15","15 - 19","3","Persons","1","New South Wales","LGA2016","Local Government Areas (2016)","15270","Mid-Western Regional (A)","2016","2016",1325,,
"TOT","Total","A15","15 - 19","3","Persons","1","New South Wales","LGA2016","Local Government Areas (2016)","15300","Moree Plains (A)","2016","2016",755,,
"TOT","Total","A15","15 - 19","3","Persons","1","New South Wales","LGA2016","Local Government Areas (2016)","15350","Mosman (A)","2016","2016",1575,,
"TOT","Total","A15","15 - 19","3","Persons","1","New South Wales","LGA2016","Local Government Areas (2016)","15520","Murray River (A)","2016","2016",600,,
"TOT","Total","A15","15 - 19","3","Persons","1","New South Wales","LGA2016","Local Government Areas (2016)","15560","Murrumbidgee (A)","2016","2016",251,,
"TOT","Total","A15","15 - 19","3","Persons","1","New South Wales","LGA2016","Local Government Areas (2016)","15650","Muswellbrook (A)","2016","2016",988,,
"TOT","Total","A15","15 - 19","3","Persons","1","New South Wales","LGA2016","Local Government Areas (2016)","15700","Nambucca (A)","2016","2016",1015,,
"TOT","Total","A15","15 - 19","3","Persons","1","New South Wales","LGA2016","Local Government Areas (2016)","15750","Narrabri (A)","2016","2016",777,,
"TOT","Total","A15","15 - 19","3","Persons","1","New South Wales","LGA2016","Local Government Areas (2016)","15800","Narrandera (A)","2016","2016",325,,
"TOT","Total","A15","15 - 19","3","Persons","1","New South Wales","LGA2016","Local Government Areas (2016)","15850","Narromine (A)","2016","2016",369,,
"TOT","Total","A15","15 - 19","3","Persons","1","New South Wales","LGA2016","Local Government Areas (2016)","15900","Newcastle (C)","2016","2016",8899,,
"TOT","Total","A15","15 - 19","3","Persons","1","New South Wales","LGA2016","Local Government Areas (2016)","15950","North Sydney (A)","2016","2016",1850,,
"TOT","Total","A15","15 - 19","3","Persons","1","New South Wales","LGA2016","Local Government Areas (2016)","15990","Northern Beaches (A)","2016","2016",14412,,
"TOT","Total","A15","15 - 19","3","Persons","1","New South Wales","LGA2016","Local Government Areas (2016)","16100","Oberon (A)","2016","2016",354,,
"TOT","Total","A15","15 - 19","3","Persons","1","New South Wales","LGA2016","Local Government Areas (2016)","16150","Orange (C)","2016","2016",2627,,
"TOT","Total","A15","15 - 19","3","Persons","1","New South Wales","LGA2016","Local Government Areas (2016)","16200","Parkes (A)","2016","2016",998,,
"TOT","Total","A15","15 - 19","3","Persons","1","New South Wales","LGA2016","Local Government Areas (2016)","16260","Parramatta (C)","2016","2016",11507,,
"TOT","Total","A15","15 - 19","3","Persons","1","New South Wales","LGA2016","Local Government Areas (2016)","16350","Penrith (C)","2016","2016",13037,,
"TOT","Total","A15","15 - 19","3","Persons","1","New South Wales","LGA2016","Local Government Areas (2016)","16380","Port Macquarie-Hastings (A)","2016","2016",4438,,
"TOT","Total","A15","15 - 19","3","Persons","1","New South Wales","LGA2016","Local Government Areas (2016)","16400","Port Stephens (A)","2016","2016",4111,,
"TOT","Total","A15","15 - 19","3","Persons","1","New South Wales","LGA2016","Local Government Areas (2016)","16490","Queanbeyan-Palerang Regional (A)","2016","2016",3523,,
"TOT","Total","A15","15 - 19","3","Persons","1","New South Wales","LGA2016","Local Government Areas (2016)","16550","Randwick (C)","2016","2016",8150,,
"TOT","Total","A15","15 - 19","3","Persons","1","New South Wales","LGA2016","Local Government Areas (2016)","16610","Richmond Valley (A)","2016","2016",1505,,
"TOT","Total","A15","15 - 19","3","Persons","1","New South Wales","LGA2016","Local Government Areas (2016)","16650","Rockdale (C)","2016","2016",5468,,
"TOT","Total","A15","15 - 19","3","Persons","1","New South Wales","LGA2016","Local Government Areas (2016)","16700","Ryde (C)","2016","2016",6142,,
"TOT","Total","A15","15 - 19","3","Persons","1","New South Wales","LGA2016","Local Government Areas (2016)","16900","Shellharbour (C)","2016","2016",4714,,
"TOT","Total","A15","15 - 19","3","Persons","1","New South Wales","LGA2016","Local Government Areas (2016)","16950","Shoalhaven (C)","2016","2016",5309,,
"TOT","Total","A15","15 - 19","3","Persons","1","New South Wales","LGA2016","Local Government Areas (2016)","17000","Singleton (A)","2016","2016",1683,,
"TOT","Total","A15","15 - 19","3","Persons","1","New South Wales","LGA2016","Local Government Areas (2016)","17040","Snowy Monaro Regional (A)","2016","2016",1175,,
"TOT","Total","A15","15 - 19","3","Persons","1","New South Wales","LGA2016","Local Government Areas (2016)","17080","Snowy Valleys (A)","2016","2016",777,,
"TOT","Total","A15","15 - 19","3","Persons","1","New South Wales","LGA2016","Local Government Areas (2016)","17100","Strathfield (A)","2016","2016",2441,,
"TOT","Total","A15","15 - 19","3","Persons","1","New South Wales","LGA2016","Local Government Areas (2016)","17150","Sutherland Shire (A)","2016","2016",13129,,
"TOT","Total","A15","15 - 19","3","Persons","1","New South Wales","LGA2016","Local Government Areas (2016)","17200","Sydney (C)","2016","2016",8370,,
"TOT","Total","A15","15 - 19","3","Persons","1","New South Wales","LGA2016","Local Government Areas (2016)","17310","Tamworth Regional (A)","2016","2016",3757,,
"TOT","Total","A15","15 - 19","3","Persons","1","New South Wales","LGA2016","Local Government Areas (2016)","17350","Temora (A)","2016","2016",385,,
"TOT","Total","A15","15 - 19","3","Persons","1","New South Wales","LGA2016","Local Government Areas (2016)","17400","Tenterfield (A)","2016","2016",337,,
"TOT","Total","A15","15 - 19","3","Persons","1","New South Wales","LGA2016","Local Government Areas (2016)","17420","The Hills Shire (A)","2016","2016",11251,,
"TOT","Total","A15","15 - 19","3","Persons","1","New South Wales","LGA2016","Local Government Areas (2016)","17550","Tweed (A)","2016","2016",4990,,
"TOT","Total","A15","15 - 19","3","Persons","1","New South Wales","LGA2016","Local Government Areas (2016)","17620","Upper Hunter Shire (A)","2016","2016",804,,
"TOT","Total","A15","15 - 19","3","Persons","1","New South Wales","LGA2016","Local Government Areas (2016)","17640","Upper Lachlan Shire (A)","2016","2016",438,,
"TOT","Total","A15","15 - 19","3","Persons","1","New South Wales","LGA2016","Local Government Areas (2016)","17650","Uralla (A)","2016","2016",370,,
"TOT","Total","A15","15 - 19","3","Persons","1","New South Wales","LGA2016","Local Government Areas (2016)","17750","Wagga Wagga (C)","2016","2016",4347,,
"TOT","Total","A15","15 - 19","3","Persons","1","New South Wales","LGA2016","Local Government Areas (2016)","17850","Walcha (A)","2016","2016",159,,
"TOT","Total","A15","15 - 19","3","Persons","1","New South Wales","LGA2016","Local Government Areas (2016)","17900","Walgett (A)","2016","2016",264,,
"TOT","Total","A15","15 - 19","3","Persons","1","New South Wales","LGA2016","Local Government Areas (2016)","17950","Warren (A)","2016","2016",132,,
"TOT","Total","A15","15 - 19","3","Persons","1","New South Wales","LGA2016","Local Government Areas (2016)","18020","Warrumbungle Shire (A)","2016","2016",488,,
"TOT","Total","A15","15 - 19","3","Persons","1","New South Wales","LGA2016","Local Government Areas (2016)","18050","Waverley (A)","2016","2016",2451,,
"TOT","Total","A15","15 - 19","3","Persons","1","New South Wales","LGA2016","Local Government Areas (2016)","18100","Weddin (A)","2016","2016",184,,
"TOT","Total","A15","15 - 19","3","Persons","1","New South Wales","LGA2016","Local Government Areas (2016)","18200","Wentworth (A)","2016","2016",397,,
"TOT","Total","A15","15 - 19","3","Persons","1","New South Wales","LGA2016","Local Government Areas (2016)","18230","Western Plains Regional (A)","2016","2016",3126,,
"TOT","Total","A15","15 - 19","3","Persons","1","New South Wales","LGA2016","Local Government Areas (2016)","18250","Willoughby (C)","2016","2016",3986,,
"TOT","Total","A15","15 - 19","3","Persons","1","New South Wales","LGA2016","Local Government Areas (2016)","18350","Wingecarribee (A)","2016","2016",3037,,
"TOT","Total","A15","15 - 19","3","Persons","1","New South Wales","LGA2016","Local Government Areas (2016)","18400","Wollondilly (A)","2016","2016",3411,,
"TOT","Total","A15","15 - 19","3","Persons","1","New South Wales","LGA2016","Local Government Areas (2016)","18450","Wollongong (C)","2016","2016",13007,,
"TOT","Total","A15","15 - 19","3","Persons","1","New South Wales","LGA2016","Local Government Areas (2016)","18500","Woollahra (A)","2016","2016",2606,,
"TOT","Total","A15","15 - 19","3","Persons","1","New South Wales","LGA2016","Local Government Areas (2016)","18710","Yass Valley (A)","2016","2016",1032,,
"TOT","Total","A15","15 - 19","3","Persons","1","New South Wales","LGA2016","Local Government Areas (2016)","19399","Unincorporated NSW","2016","2016",34,,
"TOT","Total","A15","15 - 19","3","Persons","1","New South Wales","LGA2016","Local Government Areas (2016)","19499","No usual address (NSW)","2016","2016",517,,
"TOT","Total","A15","15 - 19","3","Persons","1","New South Wales","LGA2016","Local Government Areas (2016)","19799","Migratory - Offshore - Shipping (NSW)","2016","2016",12,,
"TOT","Total","A15","15 - 19","3","Persons","2","Victoria","LGA2016","Local Government Areas (2016)","20110","Alpine (S)","2016","2016",665,,
"TOT","Total","A15","15 - 19","3","Persons","2","Victoria","LGA2016","Local Government Areas (2016)","20260","Ararat (RC)","2016","2016",606,,
"TOT","Total","A15","15 - 19","3","Persons","2","Victoria","LGA2016","Local Government Areas (2016)","20570","Ballarat (C)","2016","2016",6603,,
"TOT","Total","A15","15 - 19","3","Persons","2","Victoria","LGA2016","Local Government Areas (2016)","20660","Banyule (C)","2016","2016",6834,,
"TOT","Total","A15","15 - 19","3","Persons","2","Victoria","LGA2016","Local Government Areas (2016)","20740","Bass Coast (S)","2016","2016",1587,,
"TOT","Total","A15","15 - 19","3","Persons","2","Victoria","LGA2016","Local Government Areas (2016)","20830","Baw Baw (S)","2016","2016",3003,,
"TOT","Total","A15","15 - 19","3","Persons","2","Victoria","LGA2016","Local Government Areas (2016)","20910","Bayside (C)","2016","2016",6178,,
"TOT","Total","A15","15 - 19","3","Persons","2","Victoria","LGA2016","Local Government Areas (2016)","21010","Benalla (RC)","2016","2016",777,,
"TOT","Total","A15","15 - 19","3","Persons","2","Victoria","LGA2016","Local Government Areas (2016)","21110","Boroondara (C)","2016","2016",11910,,
"TOT","Total","A15","15 - 19","3","Persons","2","Victoria","LGA2016","Local Government Areas (2016)","21180","Brimbank (C)","2016","2016",12254,,
"TOT","Total","A15","15 - 19","3","Persons","2","Victoria","LGA2016","Local Government Areas (2016)","21270","Buloke (S)","2016","2016",345,,
"TOT","Total","A15","15 - 19","3","Persons","2","Victoria","LGA2016","Local Government Areas (2016)","21370","Campaspe (S)","2016","2016",2334,,
"TOT","Total","A15","15 - 19","3","Persons","2","Victoria","LGA2016","Local Government Areas (2016)","21450","Cardinia (S)","2016","2016",6230,,
"TOT","Total","A15","15 - 19","3","Persons","2","Victoria","LGA2016","Local Government Areas (2016)","21610","Casey (C)","2016","2016",20950,,
"TOT","Total","A15","15 - 19","3","Persons","2","Victoria","LGA2016","Local Government Areas (2016)","21670","Central Goldfields (S)","2016","2016",693,,
"TOT","Total","A15","15 - 19","3","Persons","2","Victoria","LGA2016","Local Government Areas (2016)","21750","Colac-Otway (S)","2016","2016",1191,,
"TOT","Total","A15","15 - 19","3","Persons","2","Victoria","LGA2016","Local Government Areas (2016)","21830","Corangamite (S)","2016","2016",1027,,
"TOT","Total","A15","15 - 19","3","Persons","2","Victoria","LGA2016","Local Government Areas (2016)","21890","Darebin (C)","2016","2016",6937,,
"TOT","Total","A15","15 - 19","3","Persons","2","Victoria","LGA2016","Local Government Areas (2016)","22110","East Gippsland (S)","2016","2016",2292,,
"TOT","Total","A15","15 - 19","3","Persons","2","Victoria","LGA2016","Local Government Areas (2016)","22170","Frankston (C)","2016","2016",8009,,
"TOT","Total","A15","15 - 19","3","Persons","2","Victoria","LGA2016","Local Government Areas (2016)","22250","Gannawarra (S)","2016","2016",620,,
"TOT","Total","A15","15 - 19","3","Persons","2","Victoria","LGA2016","Local Government Areas (2016)","22310","Glen Eira (C)","2016","2016",7770,,
"TOT","Total","A15","15 - 19","3","Persons","2","Victoria","LGA2016","Local Government Areas (2016)","22410","Glenelg (S)","2016","2016",1195,,
"TOT","Total","A15","15 - 19","3","Persons","2","Victoria","LGA2016","Local Government Areas (2016)","22490","Golden Plains (S)","2016","2016",1488,,
"TOT","Total","A15","15 - 19","3","Persons","2","Victoria","LGA2016","Local Government Areas (2016)","22620","Greater Bendigo (C)","2016","2016",7066,,
"TOT","Total","A15","15 - 19","3","Persons","2","Victoria","LGA2016","Local Government Areas (2016)","22670","Greater Dandenong (C)","2016","2016",9021,,
"TOT","Total","A15","15 - 19","3","Persons","2","Victoria","LGA2016","Local Government Areas (2016)","22750","Greater Geelong (C)","2016","2016",14447,,
"TOT","Total","A15","15 - 19","3","Persons","2","Victoria","LGA2016","Local Government Areas (2016)","22830","Greater Shepparton (C)","2016","2016",4328,,
"TOT","Total","A15","15 - 19","3","Persons","2","Victoria","LGA2016","Local Government Areas (2016)","22910","Hepburn (S)","2016","2016",677,,
"TOT","Total","A15","15 - 19","3","Persons","2","Victoria","LGA2016","Local Government Areas (2016)","22980","Hindmarsh (S)","2016","2016",319,,
"TOT","Total","A15","15 - 19","3","Persons","2","Victoria","LGA2016","Local Government Areas (2016)","23110","Hobsons Bay (C)","2016","2016",4656,,
"TOT","Total","A15","15 - 19","3","Persons","2","Victoria","LGA2016","Local Government Areas (2016)","23190","Horsham (RC)","2016","2016",1182,,
"TOT","Total","A15","15 - 19","3","Persons","2","Victoria","LGA2016","Local Government Areas (2016)","23270","Hume (C)","2016","2016",14047,,
"TOT","Total","A15","15 - 19","3","Persons","2","Victoria","LGA2016","Local Government Areas (2016)","23350","Indigo (S)","2016","2016",939,,
"TOT","Total","A15","15 - 19","3","Persons","2","Victoria","LGA2016","Local Government Areas (2016)","23430","Kingston (C) (Vic.)","2016","2016",8174,,
"TOT","Total","A15","15 - 19","3","Persons","2","Victoria","LGA2016","Local Government Areas (2016)","23670","Knox (C)","2016","2016",9911,,
"TOT","Total","A15","15 - 19","3","Persons","2","Victoria","LGA2016","Local Government Areas (2016)","23810","Latrobe (C) (Vic.)","2016","2016",4409,,
"TOT","Total","A15","15 - 19","3","Persons","2","Victoria","LGA2016","Local Government Areas (2016)","23940","Loddon (S)","2016","2016",413,,
"TOT","Total","A15","15 - 19","3","Persons","2","Victoria","LGA2016","Local Government Areas (2016)","24130","Macedon Ranges (S)","2016","2016",2919,,
"TOT","Total","A15","15 - 19","3","Persons","2","Victoria","LGA2016","Local Government Areas (2016)","24210","Manningham (C)","2016","2016",7542,,
"TOT","Total","A15","15 - 19","3","Persons","2","Victoria","LGA2016","Local Government Areas (2016)","24250","Mansfield (S)","2016","2016",499,,
"TOT","Total","A15","15 - 19","3","Persons","2","Victoria","LGA2016","Local Government Areas (2016)","24330","Maribyrnong (C)","2016","2016",3635,,
"TOT","Total","A15","15 - 19","3","Persons","2","Victoria","LGA2016","Local Government Areas (2016)","24410","Maroondah (C)","2016","2016",6671,,
"TOT","Total","A15","15 - 19","3","Persons","2","Victoria","LGA2016","Local Government Areas (2016)","24600","Melbourne (C)","2016","2016",10591,,
"TOT","Total","A15","15 - 19","3","Persons","2","Victoria","LGA2016","Local Government Areas (2016)","24650","Melton (C)","2016","2016",8883,,
"TOT","Total","A15","15 - 19","3","Persons","2","Victoria","LGA2016","Local Government Areas (2016)","24780","Mildura (RC)","2016","2016",3518,,
"TOT","Total","A15","15 - 19","3","Persons","2","Victoria","LGA2016","Local Government Areas (2016)","24850","Mitchell (S)","2016","2016",2880,,
"TOT","Total","A15","15 - 19","3","Persons","2","Victoria","LGA2016","Local Government Areas (2016)","24900","Moira (S)","2016","2016",1711,,
"TOT","Total","A15","15 - 19","3","Persons","2","Victoria","LGA2016","Local Government Areas (2016)","24970","Monash (C)","2016","2016",12399,,
"TOT","Total","A15","15 - 19","3","Persons","2","Victoria","LGA2016","Local Government Areas (2016)","25060","Moonee Valley (C)","2016","2016",6344,,
"TOT","Total","A15","15 - 19","3","Persons","2","Victoria","LGA2016","Local Government Areas (2016)","25150","Moorabool (S)","2016","2016",2082,,
"TOT","Total","A15","15 - 19","3","Persons","2","Victoria","LGA2016","Local Government Areas (2016)","25250","Moreland (C)","2016","2016",7115,,
"TOT","Total","A15","15 - 19","3","Persons","2","Victoria","LGA2016","Local Government Areas (2016)","25340","Mornington Peninsula (S)","2016","2016",8945,,
"TOT","Total","A15","15 - 19","3","Persons","2","Victoria","LGA2016","Local Government Areas (2016)","25430","Mount Alexander (S)","2016","2016",933,,
"TOT","Total","A15","15 - 19","3","Persons","2","Victoria","LGA2016","Local Government Areas (2016)","25490","Moyne (S)","2016","2016",978,,
"TOT","Total","A15","15 - 19","3","Persons","2","Victoria","LGA2016","Local Government Areas (2016)","25620","Murrindindi (S)","2016","2016",697,,
"TOT","Total","A15","15 - 19","3","Persons","2","Victoria","LGA2016","Local Government Areas (2016)","25710","Nillumbik (S)","2016","2016",4612,,
"TOT","Total","A15","15 - 19","3","Persons","2","Victoria","LGA2016","Local Government Areas (2016)","25810","Northern Grampians (S)","2016","2016",663,,
"TOT","Total","A15","15 - 19","3","Persons","2","Victoria","LGA2016","Local Government Areas (2016)","25900","Port Phillip (C)","2016","2016",2896,,
"TOT","Total","A15","15 - 19","3","Persons","2","Victoria","LGA2016","Local Government Areas (2016)","25990","Pyrenees (S)","2016","2016",327,,
"TOT","Total","A15","15 - 19","3","Persons","2","Victoria","LGA2016","Local Government Areas (2016)","26080","Queenscliffe (B)","2016","2016",138,,
"TOT","Total","A15","15 - 19","3","Persons","2","Victoria","LGA2016","Local Government Areas (2016)","26170","South Gippsland (S)","2016","2016",1614,,
"TOT","Total","A15","15 - 19","3","Persons","2","Victoria","LGA2016","Local Government Areas (2016)","26260","Southern Grampians (S)","2016","2016",998,,
"TOT","Total","A15","15 - 19","3","Persons","2","Victoria","LGA2016","Local Government Areas (2016)","26350","Stonnington (C)","2016","2016",4680,,
"TOT","Total","A15","15 - 19","3","Persons","2","Victoria","LGA2016","Local Government Areas (2016)","26430","Strathbogie (S)","2016","2016",486,,
"TOT","Total","A15","15 - 19","3","Persons","2","Victoria","LGA2016","Local Government Areas (2016)","26490","Surf Coast (S)","2016","2016",1647,,
"TOT","Total","A15","15 - 19","3","Persons","2","Victoria","LGA2016","Local Government Areas (2016)","26610","Swan Hill (RC)","2016","2016",1275,,
"TOT","Total","A15","15 - 19","3","Persons","2","Victoria","LGA2016","Local Government Areas (2016)","26670","Towong (S)","2016","2016",328,,
"TOT","Total","A15","15 - 19","3","Persons","2","Victoria","LGA2016","Local Government Areas (2016)","26700","Wangaratta (RC)","2016","2016",1641,,
"TOT","Total","A15","15 - 19","3","Persons","2","Victoria","LGA2016","Local Government Areas (2016)","26730","Warrnambool (C)","2016","2016",2249,,
"TOT","Total","A15","15 - 19","3","Persons","2","Victoria","LGA2016","Local Government Areas (2016)","26810","Wellington (S)","2016","2016",2517,,
"TOT","Total","A15","15 - 19","3","Persons","2","Victoria","LGA2016","Local Government Areas (2016)","26890","West Wimmera (S)","2016","2016",211,,
"TOT","Total","A15","15 - 19","3","Persons","2","Victoria","LGA2016","Local Government Areas (2016)","26980","Whitehorse (C)","2016","2016",10350,,
"TOT","Total","A15","15 - 19","3","Persons","2","Victoria","LGA2016","Local Government Areas (2016)","27070","Whittlesea (C)","2016","2016",11604,,
"TOT","Total","A15","15 - 19","3","Persons","2","Victoria","LGA2016","Local Government Areas (2016)","27170","Wodonga (C)","2016","2016",2683,,
"TOT","Total","A15","15 - 19","3","Persons","2","Victoria","LGA2016","Local Government Areas (2016)","27260","Wyndham (C)","2016","2016",12735,,
"TOT","Total","A15","15 - 19","3","Persons","2","Victoria","LGA2016","Local Government Areas (2016)","27350","Yarra (C)","2016","2016",2717,,
"TOT","Total","A15","15 - 19","3","Persons","2","Victoria","LGA2016","Local Government Areas (2016)","27450","Yarra Ranges (S)","2016","2016",9760,,
"TOT","Total","A15","15 - 19","3","Persons","2","Victoria","LGA2016","Local Government Areas (2016)","27630","Yarriambiack (S)","2016","2016",366,,
"TOT","Total","A15","15 - 19","3","Persons","2","Victoria","LGA2016","Local Government Areas (2016)","29399","Unincorporated Vic","2016","2016",37,,
"TOT","Total","A15","15 - 19","3","Persons","2","Victoria","LGA2016","Local Government Areas (2016)","29499","No usual address (Vic.)","2016","2016",357,,
"TOT","Total","A15","15 - 19","3","Persons","2","Victoria","LGA2016","Local Government Areas (2016)","29799","Migratory - Offshore - Shipping (Vic.)","2016","2016",0,,
"TOT","Total","A15","15 - 19","3","Persons","3","Queensland","LGA2016","Local Government Areas (2016)","30250","Aurukun (S)","2016","2016",84,,
"TOT","Total","A15","15 - 19","3","Persons","3","Queensland","LGA2016","Local Government Areas (2016)","30300","Balonne (S)","2016","2016",266,,
"TOT","Total","A15","15 - 19","3","Persons","3","Queensland","LGA2016","Local Government Areas (2016)","30370","Banana (S)","2016","2016",776,,
"TOT","Total","A15","15 - 19","3","Persons","3","Queensland","LGA2016","Local Government Areas (2016)","30410","Barcaldine (R)","2016","2016",122,,
"TOT","Total","A15","15 - 19","3","Persons","3","Queensland","LGA2016","Local Government Areas (2016)","30450","Barcoo (S)","2016","2016",16,,
"TOT","Total","A15","15 - 19","3","Persons","3","Queensland","LGA2016","Local Government Areas (2016)","30760","Blackall-Tambo (R)","2016","2016",83,,
"TOT","Total","A15","15 - 19","3","Persons","3","Queensland","LGA2016","Local Government Areas (2016)","30900","Boulia (S)","2016","2016",22,,
"TOT","Total","A15","15 - 19","3","Persons","3","Queensland","LGA2016","Local Government Areas (2016)","31000","Brisbane (C)","2016","2016",69948,,
"TOT","Total","A15","15 - 19","3","Persons","3","Queensland","LGA2016","Local Government Areas (2016)","31750","Bulloo (S)","2016","2016",18,,
"TOT","Total","A15","15 - 19","3","Persons","3","Queensland","LGA2016","Local Government Areas (2016)","31820","Bundaberg (R)","2016","2016",5624,,
"TOT","Total","A15","15 - 19","3","Persons","3","Queensland","LGA2016","Local Government Areas (2016)","31900","Burdekin (S)","2016","2016",1031,,
"TOT","Total","A15","15 - 19","3","Persons","3","Queensland","LGA2016","Local Government Areas (2016)","31950","Burke (S)","2016","2016",15,,
"TOT","Total","A15","15 - 19","3","Persons","3","Queensland","LGA2016","Local Government Areas (2016)","32080","Cairns (R)","2016","2016",9803,,
"TOT","Total","A15","15 - 19","3","Persons","3","Queensland","LGA2016","Local Government Areas (2016)","32250","Carpentaria (S)","2016","2016",97,,
"TOT","Total","A15","15 - 19","3","Persons","3","Queensland","LGA2016","Local Government Areas (2016)","32260","Cassowary Coast (R)","2016","2016",1562,,
"TOT","Total","A15","15 - 19","3","Persons","3","Queensland","LGA2016","Local Government Areas (2016)","32270","Central Highlands (R) (Qld)","2016","2016",1571,,
"TOT","Total","A15","15 - 19","3","Persons","3","Queensland","LGA2016","Local Government Areas (2016)","32310","Charters Towers (R)","2016","2016",893,,
"TOT","Total","A15","15 - 19","3","Persons","3","Queensland","LGA2016","Local Government Areas (2016)","32330","Cherbourg (S)","2016","2016",134,,
"TOT","Total","A15","15 - 19","3","Persons","3","Queensland","LGA2016","Local Government Areas (2016)","32450","Cloncurry (S)","2016","2016",145,,
"TOT","Total","A15","15 - 19","3","Persons","3","Queensland","LGA2016","Local Government Areas (2016)","32500","Cook (S)","2016","2016",194,,
"TOT","Total","A15","15 - 19","3","Persons","3","Queensland","LGA2016","Local Government Areas (2016)","32600","Croydon (S)","2016","2016",4,,
"TOT","Total","A15","15 - 19","3","Persons","3","Queensland","LGA2016","Local Government Areas (2016)","32750","Diamantina (S)","2016","2016",32,,
"TOT","Total","A15","15 - 19","3","Persons","3","Queensland","LGA2016","Local Government Areas (2016)","32770","Doomadgee (S)","2016","2016",119,,
"TOT","Total","A15","15 - 19","3","Persons","3","Queensland","LGA2016","Local Government Areas (2016)","32810","Douglas (S)","2016","2016",529,,
"TOT","Total","A15","15 - 19","3","Persons","3","Queensland","LGA2016","Local Government Areas (2016)","33100","Etheridge (S)","2016","2016",32,,
"TOT","Total","A15","15 - 19","3","Persons","3","Queensland","LGA2016","Local Government Areas (2016)","33200","Flinders (S) (Qld)","2016","2016",70,,
"TOT","Total","A15","15 - 19","3","Persons","3","Queensland","LGA2016","Local Government Areas (2016)","33220","Fraser Coast (R)","2016","2016",5564,,
"TOT","Total","A15","15 - 19","3","Persons","3","Queensland","LGA2016","Local Government Areas (2016)","33360","Gladstone (R)","2016","2016",3803,,
"TOT","Total","A15","15 - 19","3","Persons","3","Queensland","LGA2016","Local Government Areas (2016)","33430","Gold Coast (C)","2016","2016",34146,,
"TOT","Total","A15","15 - 19","3","Persons","3","Queensland","LGA2016","Local Government Areas (2016)","33610","Goondiwindi (R)","2016","2016",595,,
"TOT","Total","A15","15 - 19","3","Persons","3","Queensland","LGA2016","Local Government Areas (2016)","33620","Gympie (R)","2016","2016",2817,,
"TOT","Total","A15","15 - 19","3","Persons","3","Queensland","LGA2016","Local Government Areas (2016)","33800","Hinchinbrook (S)","2016","2016",647,,
"TOT","Total","A15","15 - 19","3","Persons","3","Queensland","LGA2016","Local Government Areas (2016)","33830","Hope Vale (S)","2016","2016",89,,
"TOT","Total","A15","15 - 19","3","Persons","3","Queensland","LGA2016","Local Government Areas (2016)","33960","Ipswich (C)","2016","2016",13460,,
"TOT","Total","A15","15 - 19","3","Persons","3","Queensland","LGA2016","Local Government Areas (2016)","33980","Isaac (R)","2016","2016",1020,,
"TOT","Total","A15","15 - 19","3","Persons","3","Queensland","LGA2016","Local Government Areas (2016)","34420","Kowanyama (S)","2016","2016",69,,
"TOT","Total","A15","15 - 19","3","Persons","3","Queensland","LGA2016","Local Government Areas (2016)","34530","Livingstone (S)","2016","2016",2345,,
"TOT","Total","A15","15 - 19","3","Persons","3","Queensland","LGA2016","Local Government Areas (2016)","34570","Lockhart River (S)","2016","2016",62,,
"TOT","Total","A15","15 - 19","3","Persons","3","Queensland","LGA2016","Local Government Areas (2016)","34580","Lockyer Valley (R)","2016","2016",2721,,
"TOT","Total","A15","15 - 19","3","Persons","3","Queensland","LGA2016","Local Government Areas (2016)","34590","Logan (C)","2016","2016",21444,,
"TOT","Total","A15","15 - 19","3","Persons","3","Queensland","LGA2016","Local Government Areas (2016)","34710","Longreach (R)","2016","2016",247,,
"TOT","Total","A15","15 - 19","3","Persons","3","Queensland","LGA2016","Local Government Areas (2016)","34770","Mackay (R)","2016","2016",7264,,
"TOT","Total","A15","15 - 19","3","Persons","3","Queensland","LGA2016","Local Government Areas (2016)","34800","McKinlay (S)","2016","2016",21,,
"TOT","Total","A15","15 - 19","3","Persons","3","Queensland","LGA2016","Local Government Areas (2016)","34830","Mapoon (S)","2016","2016",22,,
"TOT","Total","A15","15 - 19","3","Persons","3","Queensland","LGA2016","Local Government Areas (2016)","34860","Maranoa (R)","2016","2016",693,,
"TOT","Total","A15","15 - 19","3","Persons","3","Queensland","LGA2016","Local Government Areas (2016)","34880","Mareeba (S)","2016","2016",1228,,
"TOT","Total","A15","15 - 19","3","Persons","3","Queensland","LGA2016","Local Government Areas (2016)","35010","Moreton Bay (R)","2016","2016",27602,,
"TOT","Total","A15","15 - 19","3","Persons","3","Queensland","LGA2016","Local Government Areas (2016)","35250","Mornington (S)","2016","2016",105,,
"TOT","Total","A15","15 - 19","3","Persons","3","Queensland","LGA2016","Local Government Areas (2016)","35300","Mount Isa (C)","2016","2016",1118,,
"TOT","Total","A15","15 - 19","3","Persons","3","Queensland","LGA2016","Local Government Areas (2016)","35600","Murweh (S)","2016","2016",224,,
"TOT","Total","A15","15 - 19","3","Persons","3","Queensland","LGA2016","Local Government Areas (2016)","35670","Napranum (S)","2016","2016",84,,
"TOT","Total","A15","15 - 19","3","Persons","3","Queensland","LGA2016","Local Government Areas (2016)","35740","Noosa (S)","2016","2016",2838,,
"TOT","Total","A15","15 - 19","3","Persons","3","Queensland","LGA2016","Local Government Areas (2016)","35760","North Burnett (R)","2016","2016",538,,
"TOT","Total","A15","15 - 19","3","Persons","3","Queensland","LGA2016","Local Government Areas (2016)","35780","Northern Peninsula Area (R)","2016","2016",246,,
"TOT","Total","A15","15 - 19","3","Persons","3","Queensland","LGA2016","Local Government Areas (2016)","35790","Palm Island (S)","2016","2016",223,,
"TOT","Total","A15","15 - 19","3","Persons","3","Queensland","LGA2016","Local Government Areas (2016)","35800","Paroo (S)","2016","2016",67,,
"TOT","Total","A15","15 - 19","3","Persons","3","Queensland","LGA2016","Local Government Areas (2016)","36070","Pormpuraaw (S)","2016","2016",50,,
"TOT","Total","A15","15 - 19","3","Persons","3","Queensland","LGA2016","Local Government Areas (2016)","36150","Quilpie (S)","2016","2016",33,,
"TOT","Total","A15","15 - 19","3","Persons","3","Queensland","LGA2016","Local Government Areas (2016)","36250","Redland (C)","2016","2016",9730,,
"TOT","Total","A15","15 - 19","3","Persons","3","Queensland","LGA2016","Local Government Areas (2016)","36300","Richmond (S)","2016","2016",34,,
"TOT","Total","A15","15 - 19","3","Persons","3","Queensland","LGA2016","Local Government Areas (2016)","36370","Rockhampton (R)","2016","2016",5548,,
"TOT","Total","A15","15 - 19","3","Persons","3","Queensland","LGA2016","Local Government Areas (2016)","36510","Scenic Rim (R)","2016","2016",2446,,
"TOT","Total","A15","15 - 19","3","Persons","3","Queensland","LGA2016","Local Government Areas (2016)","36580","Somerset (R)","2016","2016",1472,,
"TOT","Total","A15","15 - 19","3","Persons","3","Queensland","LGA2016","Local Government Areas (2016)","36630","South Burnett (R)","2016","2016",1816,,
"TOT","Total","A15","15 - 19","3","Persons","3","Queensland","LGA2016","Local Government Areas (2016)","36660","Southern Downs (R)","2016","2016",2156,,
"TOT","Total","A15","15 - 19","3","Persons","3","Queensland","LGA2016","Local Government Areas (2016)","36720","Sunshine Coast (R)","2016","2016",17698,,
"TOT","Total","A15","15 - 19","3","Persons","3","Queensland","LGA2016","Local Government Areas (2016)","36820","Tablelands (R)","2016","2016",1413,,
"TOT","Total","A15","15 - 19","3","Persons","3","Queensland","LGA2016","Local Government Areas (2016)","36910","Toowoomba (R)","2016","2016",10668,,
"TOT","Total","A15","15 - 19","3","Persons","3","Queensland","LGA2016","Local Government Areas (2016)","36950","Torres (S)","2016","2016",289,,
"TOT","Total","A15","15 - 19","3","Persons","3","Queensland","LGA2016","Local Government Areas (2016)","36960","Torres Strait Island (R)","2016","2016",350,,
"TOT","Total","A15","15 - 19","3","Persons","3","Queensland","LGA2016","Local Government Areas (2016)","37010","Townsville (C)","2016","2016",13258,,
"TOT","Total","A15","15 - 19","3","Persons","3","Queensland","LGA2016","Local Government Areas (2016)","37300","Weipa (T)","2016","2016",221,,
"TOT","Total","A15","15 - 19","3","Persons","3","Queensland","LGA2016","Local Government Areas (2016)","37310","Western Downs (R)","2016","2016",2112,,
"TOT","Total","A15","15 - 19","3","Persons","3","Queensland","LGA2016","Local Government Areas (2016)","37340","Whitsunday (R)","2016","2016",1666,,
"TOT","Total","A15","15 - 19","3","Persons","3","Queensland","LGA2016","Local Government Areas (2016)","37400","Winton (S)","2016","2016",50,,
"TOT","Total","A15","15 - 19","3","Persons","3","Queensland","LGA2016","Local Government Areas (2016)","37550","Woorabinda (S)","2016","2016",88,,
"TOT","Total","A15","15 - 19","3","Persons","3","Queensland","LGA2016","Local Government Areas (2016)","37570","Wujal Wujal (S)","2016","2016",18,,
"TOT","Total","A15","15 - 19","3","Persons","3","Queensland","LGA2016","Local Government Areas (2016)","37600","Yarrabah (S)","2016","2016",257,,
"TOT","Total","A15","15 - 19","3","Persons","3","Queensland","LGA2016","Local Government Areas (2016)","39499","No usual address (Qld)","2016","2016",408,,
"TOT","Total","A15","15 - 19","3","Persons","3","Queensland","LGA2016","Local Government Areas (2016)","39799","Migratory - Offshore - Shipping (Qld)","2016","2016",11,,
"TOT","Total","A15","15 - 19","3","Persons","4","South Australia","LGA2016","Local Government Areas (2016)","40070","Adelaide (C)","2016","2016",1582,,
"TOT","Total","A15","15 - 19","3","Persons","4","South Australia","LGA2016","Local Government Areas (2016)","40120","Adelaide Hills (DC)","2016","2016",2685,,
"TOT","Total","A15","15 - 19","3","Persons","4","South Australia","LGA2016","Local Government Areas (2016)","40220","Alexandrina (DC)","2016","2016",1311,,
"TOT","Total","A15","15 - 19","3","Persons","4","South Australia","LGA2016","Local Government Areas (2016)","40250","Anangu Pitjantjatjara (AC)","2016","2016",186,,
"TOT","Total","A15","15 - 19","3","Persons","4","South Australia","LGA2016","Local Government Areas (2016)","40310","Barossa (DC)","2016","2016",1474,,
"TOT","Total","A15","15 - 19","3","Persons","4","South Australia","LGA2016","Local Government Areas (2016)","40430","Barunga West (DC)","2016","2016",112,,
"TOT","Total","A15","15 - 19","3","Persons","4","South Australia","LGA2016","Local Government Areas (2016)","40520","Berri and Barmera (DC)","2016","2016",642,,
"TOT","Total","A15","15 - 19","3","Persons","4","South Australia","LGA2016","Local Government Areas (2016)","40700","Burnside (C)","2016","2016",3139,,
"TOT","Total","A15","15 - 19","3","Persons","4","South Australia","LGA2016","Local Government Areas (2016)","40910","Campbelltown (C) (SA)","2016","2016",3027,,
"TOT","Total","A15","15 - 19","3","Persons","4","South Australia","LGA2016","Local Government Areas (2016)","41010","Ceduna (DC)","2016","2016",208,,
"TOT","Total","A15","15 - 19","3","Persons","4","South Australia","LGA2016","Local Government Areas (2016)","41060","Charles Sturt (C)","2016","2016",6279,,
"TOT","Total","A15","15 - 19","3","Persons","4","South Australia","LGA2016","Local Government Areas (2016)","41140","Clare and Gilbert Valleys (DC)","2016","2016",452,,
"TOT","Total","A15","15 - 19","3","Persons","4","South Australia","LGA2016","Local Government Areas (2016)","41190","Cleve (DC)","2016","2016",101,,
"TOT","Total","A15","15 - 19","3","Persons","4","South Australia","LGA2016","Local Government Areas (2016)","41330","Coober Pedy (DC)","2016","2016",57,,
"TOT","Total","A15","15 - 19","3","Persons","4","South Australia","LGA2016","Local Government Areas (2016)","41560","Copper Coast (DC)","2016","2016",738,,
"TOT","Total","A15","15 - 19","3","Persons","4","South Australia","LGA2016","Local Government Areas (2016)","41750","Elliston (DC)","2016","2016",30,,
"TOT","Total","A15","15 - 19","3","Persons","4","South Australia","LGA2016","Local Government Areas (2016)","41830","Flinders Ranges (DC)","2016","2016",81,,
"TOT","Total","A15","15 - 19","3","Persons","4","South Australia","LGA2016","Local Government Areas (2016)","41960","Franklin Harbour (DC)","2016","2016",50,,
"TOT","Total","A15","15 - 19","3","Persons","4","South Australia","LGA2016","Local Government Areas (2016)","42030","Gawler (T)","2016","2016",1475,,
"TOT","Total","A15","15 - 19","3","Persons","4","South Australia","LGA2016","Local Government Areas (2016)","42110","Goyder (DC)","2016","2016",214,,
"TOT","Total","A15","15 - 19","3","Persons","4","South Australia","LGA2016","Local Government Areas (2016)","42250","Grant (DC)","2016","2016",511,,
"TOT","Total","A15","15 - 19","3","Persons","4","South Australia","LGA2016","Local Government Areas (2016)","42600","Holdfast Bay (C)","2016","2016",1814,,
"TOT","Total","A15","15 - 19","3","Persons","4","South Australia","LGA2016","Local Government Areas (2016)","42750","Kangaroo Island (DC)","2016","2016",218,,
"TOT","Total","A15","15 - 19","3","Persons","4","South Australia","LGA2016","Local Government Areas (2016)","43080","Karoonda East Murray (DC)","2016","2016",62,,
"TOT","Total","A15","15 - 19","3","Persons","4","South Australia","LGA2016","Local Government Areas (2016)","43220","Kimba (DC)","2016","2016",39,,
"TOT","Total","A15","15 - 19","3","Persons","4","South Australia","LGA2016","Local Government Areas (2016)","43360","Kingston (DC) (SA)","2016","2016",102,,
"TOT","Total","A15","15 - 19","3","Persons","4","South Australia","LGA2016","Local Government Areas (2016)","43650","Light (RegC)","2016","2016",1065,,
"TOT","Total","A15","15 - 19","3","Persons","4","South Australia","LGA2016","Local Government Areas (2016)","43710","Lower Eyre Peninsula (DC)","2016","2016",326,,
"TOT","Total","A15","15 - 19","3","Persons","4","South Australia","LGA2016","Local Government Areas (2016)","43790","Loxton Waikerie (DC)","2016","2016",701,,
"TOT","Total","A15","15 - 19","3","Persons","4","South Australia","LGA2016","Local Government Areas (2016)","43920","Mallala (DC)","2016","2016",582,,
"TOT","Total","A15","15 - 19","3","Persons","4","South Australia","LGA2016","Local Government Areas (2016)","44000","Maralinga Tjarutja (AC)","2016","2016",7,,
"TOT","Total","A15","15 - 19","3","Persons","4","South Australia","LGA2016","Local Government Areas (2016)","44060","Marion (C)","2016","2016",5029,,
"TOT","Total","A15","15 - 19","3","Persons","4","South Australia","LGA2016","Local Government Areas (2016)","44210","Mid Murray (DC)","2016","2016",429,,
"TOT","Total","A15","15 - 19","3","Persons","4","South Australia","LGA2016","Local Government Areas (2016)","44340","Mitcham (C)","2016","2016",4281,,
"TOT","Total","A15","15 - 19","3","Persons","4","South Australia","LGA2016","Local Government Areas (2016)","44550","Mount Barker (DC)","2016","2016",2311,,
"TOT","Total","A15","15 - 19","3","Persons","4","South Australia","LGA2016","Local Government Areas (2016)","44620","Mount Gambier (C)","2016","2016",1675,,
"TOT","Total","A15","15 - 19","3","Persons","4","South Australia","LGA2016","Local Government Areas (2016)","44830","Mount Remarkable (DC)","2016","2016",165,,
"TOT","Total","A15","15 - 19","3","Persons","4","South Australia","LGA2016","Local Government Areas (2016)","45040","Murray Bridge (RC)","2016","2016",1302,,
"TOT","Total","A15","15 - 19","3","Persons","4","South Australia","LGA2016","Local Government Areas (2016)","45090","Naracoorte and Lucindale (DC)","2016","2016",455,,
"TOT","Total","A15","15 - 19","3","Persons","4","South Australia","LGA2016","Local Government Areas (2016)","45120","Northern Areas (DC)","2016","2016",226,,
"TOT","Total","A15","15 - 19","3","Persons","4","South Australia","LGA2016","Local Government Areas (2016)","45290","Norwood Payneham St Peters (C)","2016","2016",1933,,
"TOT","Total","A15","15 - 19","3","Persons","4","South Australia","LGA2016","Local Government Areas (2016)","45340","Onkaparinga (C)","2016","2016",10413,,
"TOT","Total","A15","15 - 19","3","Persons","4","South Australia","LGA2016","Local Government Areas (2016)","45400","Orroroo/Carrieton (DC)","2016","2016",30,,
"TOT","Total","A15","15 - 19","3","Persons","4","South Australia","LGA2016","Local Government Areas (2016)","45540","Peterborough (DC)","2016","2016",93,,
"TOT","Total","A15","15 - 19","3","Persons","4","South Australia","LGA2016","Local Government Areas (2016)","45680","Playford (C)","2016","2016",5978,,
"TOT","Total","A15","15 - 19","3","Persons","4","South Australia","LGA2016","Local Government Areas (2016)","45890","Port Adelaide Enfield (C)","2016","2016",6800,,
"TOT","Total","A15","15 - 19","3","Persons","4","South Australia","LGA2016","Local Government Areas (2016)","46090","Port Augusta (C)","2016","2016",748,,
"TOT","Total","A15","15 - 19","3","Persons","4","South Australia","LGA2016","Local Government Areas (2016)","46300","Port Lincoln (C)","2016","2016",843,,
"TOT","Total","A15","15 - 19","3","Persons","4","South Australia","LGA2016","Local Government Areas (2016)","46450","Port Pirie City and Dists (M)","2016","2016",1149,,
"TOT","Total","A15","15 - 19","3","Persons","4","South Australia","LGA2016","Local Government Areas (2016)","46510","Prospect (C)","2016","2016",1071,,
"TOT","Total","A15","15 - 19","3","Persons","4","South Australia","LGA2016","Local Government Areas (2016)","46670","Renmark Paringa (DC)","2016","2016",553,,
"TOT","Total","A15","15 - 19","3","Persons","4","South Australia","LGA2016","Local Government Areas (2016)","46860","Robe (DC)","2016","2016",51,,
"TOT","Total","A15","15 - 19","3","Persons","4","South Australia","LGA2016","Local Government Areas (2016)","46970","Roxby Downs (M)","2016","2016",154,,
"TOT","Total","A15","15 - 19","3","Persons","4","South Australia","LGA2016","Local Government Areas (2016)","47140","Salisbury (C)","2016","2016",8669,,
"TOT","Total","A15","15 - 19","3","Persons","4","South Australia","LGA2016","Local Government Areas (2016)","47290","Southern Mallee (DC)","2016","2016",94,,
"TOT","Total","A15","15 - 19","3","Persons","4","South Australia","LGA2016","Local Government Areas (2016)","47490","Streaky Bay (DC)","2016","2016",81,,
"TOT","Total","A15","15 - 19","3","Persons","4","South Australia","LGA2016","Local Government Areas (2016)","47630","Tatiara (DC)","2016","2016",419,,
"TOT","Total","A15","15 - 19","3","Persons","4","South Australia","LGA2016","Local Government Areas (2016)","47700","Tea Tree Gully (C)","2016","2016",6119,,
"TOT","Total","A15","15 - 19","3","Persons","4","South Australia","LGA2016","Local Government Areas (2016)","47800","The Coorong (DC)","2016","2016",295,,
"TOT","Total","A15","15 - 19","3","Persons","4","South Australia","LGA2016","Local Government Areas (2016)","47910","Tumby Bay (DC)","2016","2016",113,,
"TOT","Total","A15","15 - 19","3","Persons","4","South Australia","LGA2016","Local Government Areas (2016)","47980","Unley (C)","2016","2016",2195,,
"TOT","Total","A15","15 - 19","3","Persons","4","South Australia","LGA2016","Local Government Areas (2016)","48050","Victor Harbor (C)","2016","2016",633,,
"TOT","Total","A15","15 - 19","3","Persons","4","South Australia","LGA2016","Local Government Areas (2016)","48130","Wakefield (DC)","2016","2016",400,,
"TOT","Total","A15","15 - 19","3","Persons","4","South Australia","LGA2016","Local Government Areas (2016)","48260","Walkerville (M)","2016","2016",513,,
"TOT","Total","A15","15 - 19","3","Persons","4","South Australia","LGA2016","Local Government Areas (2016)","48340","Wattle Range (DC)","2016","2016",660,,
"TOT","Total","A15","15 - 19","3","Persons","4","South Australia","LGA2016","Local Government Areas (2016)","48410","West Torrens (C)","2016","2016",3159,,
"TOT","Total","A15","15 - 19","3","Persons","4","South Australia","LGA2016","Local Government Areas (2016)","48540","Whyalla (C)","2016","2016",1345,,
"TOT","Total","A15","15 - 19","3","Persons","4","South Australia","LGA2016","Local Government Areas (2016)","48640","Wudinna (DC)","2016","2016",52,,
"TOT","Total","A15","15 - 19","3","Persons","4","South Australia","LGA2016","Local Government Areas (2016)","48750","Yankalilla (DC)","2016","2016",223,,
"TOT","Total","A15","15 - 19","3","Persons","4","South Australia","LGA2016","Local Government Areas (2016)","48830","Yorke Peninsula (DC)","2016","2016",461,,
"TOT","Total","A15","15 - 19","3","Persons","4","South Australia","LGA2016","Local Government Areas (2016)","49399","Unincorporated SA","2016","2016",150,,
"TOT","Total","A15","15 - 19","3","Persons","4","South Australia","LGA2016","Local Government Areas (2016)","49499","No usual address (SA)","2016","2016",173,,
"TOT","Total","A15","15 - 19","3","Persons","4","South Australia","LGA2016","Local Government Areas (2016)","49799","Migratory - Offshore - Shipping (SA)","2016","2016",0,,
"TOT","Total","A15","15 - 19","3","Persons","5","Western Australia","LGA2016","Local Government Areas (2016)","50080","Albany (C)","2016","2016",2404,,
"TOT","Total","A15","15 - 19","3","Persons","5","Western Australia","LGA2016","Local Government Areas (2016)","50210","Armadale (C)","2016","2016",4691,,
"TOT","Total","A15","15 - 19","3","Persons","5","Western Australia","LGA2016","Local Government Areas (2016)","50250","Ashburton (S)","2016","2016",244,,
"TOT","Total","A15","15 - 19","3","Persons","5","Western Australia","LGA2016","Local Government Areas (2016)","50280","Augusta-Margaret River (S)","2016","2016",705,,
"TOT","Total","A15","15 - 19","3","Persons","5","Western Australia","LGA2016","Local Government Areas (2016)","50350","Bassendean (T)","2016","2016",822,,
"TOT","Total","A15","15 - 19","3","Persons","5","Western Australia","LGA2016","Local Government Areas (2016)","50420","Bayswater (C)","2016","2016",3112,,
"TOT","Total","A15","15 - 19","3","Persons","5","Western Australia","LGA2016","Local Government Areas (2016)","50490","Belmont (C)","2016","2016",1774,,
"TOT","Total","A15","15 - 19","3","Persons","5","Western Australia","LGA2016","Local Government Areas (2016)","50560","Beverley (S)","2016","2016",51,,
"TOT","Total","A15","15 - 19","3","Persons","5","Western Australia","LGA2016","Local Government Areas (2016)","50630","Boddington (S)","2016","2016",70,,
"TOT","Total","A15","15 - 19","3","Persons","5","Western Australia","LGA2016","Local Government Areas (2016)","50770","Boyup Brook (S)","2016","2016",61,,
"TOT","Total","A15","15 - 19","3","Persons","5","Western Australia","LGA2016","Local Government Areas (2016)","50840","Bridgetown-Greenbushes (S)","2016","2016",262,,
"TOT","Total","A15","15 - 19","3","Persons","5","Western Australia","LGA2016","Local Government Areas (2016)","50910","Brookton (S)","2016","2016",41,,
"TOT","Total","A15","15 - 19","3","Persons","5","Western Australia","LGA2016","Local Government Areas (2016)","50980","Broome (S)","2016","2016",868,,
"TOT","Total","A15","15 - 19","3","Persons","5","Western Australia","LGA2016","Local Government Areas (2016)","51080","Broomehill-Tambellup (S)","2016","2016",48,,
"TOT","Total","A15","15 - 19","3","Persons","5","Western Australia","LGA2016","Local Government Areas (2016)","51120","Bruce Rock (S)","2016","2016",30,,
"TOT","Total","A15","15 - 19","3","Persons","5","Western Australia","LGA2016","Local Government Areas (2016)","51190","Bunbury (C)","2016","2016",1757,,
"TOT","Total","A15","15 - 19","3","Persons","5","Western Australia","LGA2016","Local Government Areas (2016)","51260","Busselton (C)","2016","2016",2127,,
"TOT","Total","A15","15 - 19","3","Persons","5","Western Australia","LGA2016","Local Government Areas (2016)","51310","Cambridge (T)","2016","2016",1691,,
"TOT","Total","A15","15 - 19","3","Persons","5","Western Australia","LGA2016","Local Government Areas (2016)","51330","Canning (C)","2016","2016",6227,,
"TOT","Total","A15","15 - 19","3","Persons","5","Western Australia","LGA2016","Local Government Areas (2016)","51400","Capel (S)","2016","2016",1425,,
"TOT","Total","A15","15 - 19","3","Persons","5","Western Australia","LGA2016","Local Government Areas (2016)","51470","Carnamah (S)","2016","2016",15,,
"TOT","Total","A15","15 - 19","3","Persons","5","Western Australia","LGA2016","Local Government Areas (2016)","51540","Carnarvon (S)","2016","2016",262,,
"TOT","Total","A15","15 - 19","3","Persons","5","Western Australia","LGA2016","Local Government Areas (2016)","51610","Chapman Valley (S)","2016","2016",78,,
"TOT","Total","A15","15 - 19","3","Persons","5","Western Australia","LGA2016","Local Government Areas (2016)","51680","Chittering (S)","2016","2016",410,,
"TOT","Total","A15","15 - 19","3","Persons","5","Western Australia","LGA2016","Local Government Areas (2016)","51750","Claremont (T)","2016","2016",811,,
"TOT","Total","A15","15 - 19","3","Persons","5","Western Australia","LGA2016","Local Government Areas (2016)","51820","Cockburn (C)","2016","2016",6401,,
"TOT","Total","A15","15 - 19","3","Persons","5","Western Australia","LGA2016","Local Government Areas (2016)","51890","Collie (S)","2016","2016",563,,
"TOT","Total","A15","15 - 19","3","Persons","5","Western Australia","LGA2016","Local Government Areas (2016)","51960","Coolgardie (S)","2016","2016",232,,
"TOT","Total","A15","15 - 19","3","Persons","5","Western Australia","LGA2016","Local Government Areas (2016)","52030","Coorow (S)","2016","2016",26,,
"TOT","Total","A15","15 - 19","3","Persons","5","Western Australia","LGA2016","Local Government Areas (2016)","52100","Corrigin (S)","2016","2016",48,,
"TOT","Total","A15","15 - 19","3","Persons","5","Western Australia","LGA2016","Local Government Areas (2016)","52170","Cottesloe (T)","2016","2016",457,,
"TOT","Total","A15","15 - 19","3","Persons","5","Western Australia","LGA2016","Local Government Areas (2016)","52240","Cranbrook (S)","2016","2016",32,,
"TOT","Total","A15","15 - 19","3","Persons","5","Western Australia","LGA2016","Local Government Areas (2016)","52310","Cuballing (S)","2016","2016",35,,
"TOT","Total","A15","15 - 19","3","Persons","5","Western Australia","LGA2016","Local Government Areas (2016)","52380","Cue (S)","2016","2016",3,,
"TOT","Total","A15","15 - 19","3","Persons","5","Western Australia","LGA2016","Local Government Areas (2016)","52450","Cunderdin (S)","2016","2016",178,,
"TOT","Total","A15","15 - 19","3","Persons","5","Western Australia","LGA2016","Local Government Areas (2016)","52520","Dalwallinu (S)","2016","2016",52,,
"TOT","Total","A15","15 - 19","3","Persons","5","Western Australia","LGA2016","Local Government Areas (2016)","52590","Dandaragan (S)","2016","2016",122,,
"TOT","Total","A15","15 - 19","3","Persons","5","Western Australia","LGA2016","Local Government Areas (2016)","52660","Dardanup (S)","2016","2016",917,,
"TOT","Total","A15","15 - 19","3","Persons","5","Western Australia","LGA2016","Local Government Areas (2016)","52730","Denmark (S)","2016","2016",391,,
"TOT","Total","A15","15 - 19","3","Persons","5","Western Australia","LGA2016","Local Government Areas (2016)","52800","Derby-West Kimberley (S)","2016","2016",508,,
"TOT","Total","A15","15 - 19","3","Persons","5","Western Australia","LGA2016","Local Government Areas (2016)","52870","Donnybrook-Balingup (S)","2016","2016",309,,
"TOT","Total","A15","15 - 19","3","Persons","5","Western Australia","LGA2016","Local Government Areas (2016)","52940","Dowerin (S)","2016","2016",27,,
"TOT","Total","A15","15 - 19","3","Persons","5","Western Australia","LGA2016","Local Government Areas (2016)","53010","Dumbleyung (S)","2016","2016",12,,
"TOT","Total","A15","15 - 19","3","Persons","5","Western Australia","LGA2016","Local Government Areas (2016)","53080","Dundas (S)","2016","2016",25,,
"TOT","Total","A15","15 - 19","3","Persons","5","Western Australia","LGA2016","Local Government Areas (2016)","53150","East Fremantle (T)","2016","2016",431,,
"TOT","Total","A15","15 - 19","3","Persons","5","Western Australia","LGA2016","Local Government Areas (2016)","53220","East Pilbara (S)","2016","2016",328,,
"TOT","Total","A15","15 - 19","3","Persons","5","Western Australia","LGA2016","Local Government Areas (2016)","53290","Esperance (S)","2016","2016",1007,,
"TOT","Total","A15","15 - 19","3","Persons","5","Western Australia","LGA2016","Local Government Areas (2016)","53360","Exmouth (S)","2016","2016",126,,
"TOT","Total","A15","15 - 19","3","Persons","5","Western Australia","LGA2016","Local Government Areas (2016)","53430","Fremantle (C)","2016","2016",1328,,
"TOT","Total","A15","15 - 19","3","Persons","5","Western Australia","LGA2016","Local Government Areas (2016)","53570","Gingin (S)","2016","2016",248,,
"TOT","Total","A15","15 - 19","3","Persons","5","Western Australia","LGA2016","Local Government Areas (2016)","53640","Gnowangerup (S)","2016","2016",39,,
"TOT","Total","A15","15 - 19","3","Persons","5","Western Australia","LGA2016","Local Government Areas (2016)","53710","Goomalling (S)","2016","2016",42,,
"TOT","Total","A15","15 - 19","3","Persons","5","Western Australia","LGA2016","Local Government Areas (2016)","53780","Gosnells (C)","2016","2016",7713,,
"TOT","Total","A15","15 - 19","3","Persons","5","Western Australia","LGA2016","Local Government Areas (2016)","53800","Greater Geraldton (C)","2016","2016",2679,,
"TOT","Total","A15","15 - 19","3","Persons","5","Western Australia","LGA2016","Local Government Areas (2016)","53920","Halls Creek (S)","2016","2016",259,,
"TOT","Total","A15","15 - 19","3","Persons","5","Western Australia","LGA2016","Local Government Areas (2016)","53990","Harvey (S)","2016","2016",1867,,
"TOT","Total","A15","15 - 19","3","Persons","5","Western Australia","LGA2016","Local Government Areas (2016)","54060","Irwin (S)","2016","2016",196,,
"TOT","Total","A15","15 - 19","3","Persons","5","Western Australia","LGA2016","Local Government Areas (2016)","54130","Jerramungup (S)","2016","2016",29,,
"TOT","Total","A15","15 - 19","3","Persons","5","Western Australia","LGA2016","Local Government Areas (2016)","54170","Joondalup (C)","2016","2016",10727,,
"TOT","Total","A15","15 - 19","3","Persons","5","Western Australia","LGA2016","Local Government Areas (2016)","54200","Kalamunda (S)","2016","2016",3906,,
"TOT","Total","A15","15 - 19","3","Persons","5","Western Australia","LGA2016","Local Government Areas (2016)","54280","Kalgoorlie/Boulder (C)","2016","2016",1807,,
"TOT","Total","A15","15 - 19","3","Persons","5","Western Australia","LGA2016","Local Government Areas (2016)","54310","Karratha (C)","2016","2016",1098,,
"TOT","Total","A15","15 - 19","3","Persons","5","Western Australia","LGA2016","Local Government Areas (2016)","54340","Katanning (S)","2016","2016",230,,
"TOT","Total","A15","15 - 19","3","Persons","5","Western Australia","LGA2016","Local Government Areas (2016)","54410","Kellerberrin (S)","2016","2016",61,,
"TOT","Total","A15","15 - 19","3","Persons","5","Western Australia","LGA2016","Local Government Areas (2016)","54480","Kent (S)","2016","2016",15,,
"TOT","Total","A15","15 - 19","3","Persons","5","Western Australia","LGA2016","Local Government Areas (2016)","54550","Kojonup (S)","2016","2016",60,,
"TOT","Total","A15","15 - 19","3","Persons","5","Western Australia","LGA2016","Local Government Areas (2016)","54620","Kondinin (S)","2016","2016",28,,
"TOT","Total","A15","15 - 19","3","Persons","5","Western Australia","LGA2016","Local Government Areas (2016)","54690","Koorda (S)","2016","2016",13,,
"TOT","Total","A15","15 - 19","3","Persons","5","Western Australia","LGA2016","Local Government Areas (2016)","54760","Kulin (S)","2016","2016",18,,
"TOT","Total","A15","15 - 19","3","Persons","5","Western Australia","LGA2016","Local Government Areas (2016)","54830","Kwinana (C)","2016","2016",2296,,
"TOT","Total","A15","15 - 19","3","Persons","5","Western Australia","LGA2016","Local Government Areas (2016)","54900","Lake Grace (S)","2016","2016",41,,
"TOT","Total","A15","15 - 19","3","Persons","5","Western Australia","LGA2016","Local Government Areas (2016)","54970","Laverton (S)","2016","2016",31,,
"TOT","Total","A15","15 - 19","3","Persons","5","Western Australia","LGA2016","Local Government Areas (2016)","55040","Leonora (S)","2016","2016",38,,
"TOT","Total","A15","15 - 19","3","Persons","5","Western Australia","LGA2016","Local Government Areas (2016)","55110","Mandurah (C)","2016","2016",4849,,
"TOT","Total","A15","15 - 19","3","Persons","5","Western Australia","LGA2016","Local Government Areas (2016)","55180","Manjimup (S)","2016","2016",583,,
"TOT","Total","A15","15 - 19","3","Persons","5","Western Australia","LGA2016","Local Government Areas (2016)","55250","Meekatharra (S)","2016","2016",53,,
"TOT","Total","A15","15 - 19","3","Persons","5","Western Australia","LGA2016","Local Government Areas (2016)","55320","Melville (C)","2016","2016",6496,,
"TOT","Total","A15","15 - 19","3","Persons","5","Western Australia","LGA2016","Local Government Areas (2016)","55390","Menzies (S)","2016","2016",30,,
"TOT","Total","A15","15 - 19","3","Persons","5","Western Australia","LGA2016","Local Government Areas (2016)","55460","Merredin (S)","2016","2016",204,,
"TOT","Total","A15","15 - 19","3","Persons","5","Western Australia","LGA2016","Local Government Areas (2016)","55530","Mingenew (S)","2016","2016",22,,
"TOT","Total","A15","15 - 19","3","Persons","5","Western Australia","LGA2016","Local Government Areas (2016)","55600","Moora (S)","2016","2016",122,,
"TOT","Total","A15","15 - 19","3","Persons","5","Western Australia","LGA2016","Local Government Areas (2016)","55670","Morawa (S)","2016","2016",76,,
"TOT","Total","A15","15 - 19","3","Persons","5","Western Australia","LGA2016","Local Government Areas (2016)","55740","Mosman Park (T)","2016","2016",644,,
"TOT","Total","A15","15 - 19","3","Persons","5","Western Australia","LGA2016","Local Government Areas (2016)","55810","Mount Magnet (S)","2016","2016",26,,
"TOT","Total","A15","15 - 19","3","Persons","5","Western Australia","LGA2016","Local Government Areas (2016)","55880","Mount Marshall (S)","2016","2016",14,,
"TOT","Total","A15","15 - 19","3","Persons","5","Western Australia","LGA2016","Local Government Areas (2016)","55950","Mukinbudin (S)","2016","2016",12,,
"TOT","Total","A15","15 - 19","3","Persons","5","Western Australia","LGA2016","Local Government Areas (2016)","56090","Mundaring (S)","2016","2016",2508,,
"TOT","Total","A15","15 - 19","3","Persons","5","Western Australia","LGA2016","Local Government Areas (2016)","56160","Murchison (S)","2016","2016",8,,
"TOT","Total","A15","15 - 19","3","Persons","5","Western Australia","LGA2016","Local Government Areas (2016)","56230","Murray (S)","2016","2016",1005,,
"TOT","Total","A15","15 - 19","3","Persons","5","Western Australia","LGA2016","Local Government Areas (2016)","56300","Nannup (S)","2016","2016",39,,
"TOT","Total","A15","15 - 19","3","Persons","5","Western Australia","LGA2016","Local Government Areas (2016)","56370","Narembeen (S)","2016","2016",24,,
"TOT","Total","A15","15 - 19","3","Persons","5","Western Australia","LGA2016","Local Government Areas (2016)","56460","Narrogin (S)","2016","2016",395,,
"TOT","Total","A15","15 - 19","3","Persons","5","Western Australia","LGA2016","Local Government Areas (2016)","56580","Nedlands (C)","2016","2016",1527,,
"TOT","Total","A15","15 - 19","3","Persons","5","Western Australia","LGA2016","Local Government Areas (2016)","56620","Ngaanyatjarraku (S)","2016","2016",141,,
"TOT","Total","A15","15 - 19","3","Persons","5","Western Australia","LGA2016","Local Government Areas (2016)","56730","Northam (S)","2016","2016",622,,
"TOT","Total","A15","15 - 19","3","Persons","5","Western Australia","LGA2016","Local Government Areas (2016)","56790","Northampton (S)","2016","2016",124,,
"TOT","Total","A15","15 - 19","3","Persons","5","Western Australia","LGA2016","Local Government Areas (2016)","56860","Nungarin (S)","2016","2016",13,,
"TOT","Total","A15","15 - 19","3","Persons","5","Western Australia","LGA2016","Local Government Areas (2016)","56930","Peppermint Grove (S)","2016","2016",211,,
"TOT","Total","A15","15 - 19","3","Persons","5","Western Australia","LGA2016","Local Government Areas (2016)","57000","Perenjori (S)","2016","2016",19,,
"TOT","Total","A15","15 - 19","3","Persons","5","Western Australia","LGA2016","Local Government Areas (2016)","57080","Perth (C)","2016","2016",887,,
"TOT","Total","A15","15 - 19","3","Persons","5","Western Australia","LGA2016","Local Government Areas (2016)","57140","Pingelly (S)","2016","2016",49,,
"TOT","Total","A15","15 - 19","3","Persons","5","Western Australia","LGA2016","Local Government Areas (2016)","57210","Plantagenet (S)","2016","2016",298,,
"TOT","Total","A15","15 - 19","3","Persons","5","Western Australia","LGA2016","Local Government Areas (2016)","57280","Port Hedland (T)","2016","2016",685,,
"TOT","Total","A15","15 - 19","3","Persons","5","Western Australia","LGA2016","Local Government Areas (2016)","57350","Quairading (S)","2016","2016",36,,
"TOT","Total","A15","15 - 19","3","Persons","5","Western Australia","LGA2016","Local Government Areas (2016)","57420","Ravensthorpe (S)","2016","2016",39,,
"TOT","Total","A15","15 - 19","3","Persons","5","Western Australia","LGA2016","Local Government Areas (2016)","57490","Rockingham (C)","2016","2016",8213,,
"TOT","Total","A15","15 - 19","3","Persons","5","Western Australia","LGA2016","Local Government Areas (2016)","57630","Sandstone (S)","2016","2016",0,,
"TOT","Total","A15","15 - 19","3","Persons","5","Western Australia","LGA2016","Local Government Areas (2016)","57700","Serpentine-Jarrahdale (S)","2016","2016",1701,,
"TOT","Total","A15","15 - 19","3","Persons","5","Western Australia","LGA2016","Local Government Areas (2016)","57770","Shark Bay (S)","2016","2016",15,,
"TOT","Total","A15","15 - 19","3","Persons","5","Western Australia","LGA2016","Local Government Areas (2016)","57840","South Perth (C)","2016","2016",2652,,
"TOT","Total","A15","15 - 19","3","Persons","5","Western Australia","LGA2016","Local Government Areas (2016)","57910","Stirling (C)","2016","2016",10760,,
"TOT","Total","A15","15 - 19","3","Persons","5","Western Australia","LGA2016","Local Government Areas (2016)","57980","Subiaco (C)","2016","2016",1042,,
"TOT","Total","A15","15 - 19","3","Persons","5","Western Australia","LGA2016","Local Government Areas (2016)","58050","Swan (C)","2016","2016",9014,,
"TOT","Total","A15","15 - 19","3","Persons","5","Western Australia","LGA2016","Local Government Areas (2016)","58190","Tammin (S)","2016","2016",15,,
"TOT","Total","A15","15 - 19","3","Persons","5","Western Australia","LGA2016","Local Government Areas (2016)","58260","Three Springs (S)","2016","2016",14,,
"TOT","Total","A15","15 - 19","3","Persons","5","Western Australia","LGA2016","Local Government Areas (2016)","58330","Toodyay (S)","2016","2016",225,,
"TOT","Total","A15","15 - 19","3","Persons","5","Western Australia","LGA2016","Local Government Areas (2016)","58400","Trayning (S)","2016","2016",11,,
"TOT","Total","A15","15 - 19","3","Persons","5","Western Australia","LGA2016","Local Government Areas (2016)","58470","Upper Gascoyne (S)","2016","2016",22,,
"TOT","Total","A15","15 - 19","3","Persons","5","Western Australia","LGA2016","Local Government Areas (2016)","58510","Victoria Park (T)","2016","2016",1614,,
"TOT","Total","A15","15 - 19","3","Persons","5","Western Australia","LGA2016","Local Government Areas (2016)","58540","Victoria Plains (S)","2016","2016",44,,
"TOT","Total","A15","15 - 19","3","Persons","5","Western Australia","LGA2016","Local Government Areas (2016)","58570","Vincent (C)","2016","2016",1208,,
"TOT","Total","A15","15 - 19","3","Persons","5","Western Australia","LGA2016","Local Government Areas (2016)","58610","Wagin (S)","2016","2016",86,,
"TOT","Total","A15","15 - 19","3","Persons","5","Western Australia","LGA2016","Local Government Areas (2016)","58680","Wandering (S)","2016","2016",8,,
"TOT","Total","A15","15 - 19","3","Persons","5","Western Australia","LGA2016","Local Government Areas (2016)","58760","Wanneroo (C)","2016","2016",13436,,
"TOT","Total","A15","15 - 19","3","Persons","5","Western Australia","LGA2016","Local Government Areas (2016)","58820","Waroona (S)","2016","2016",245,,
"TOT","Total","A15","15 - 19","3","Persons","5","Western Australia","LGA2016","Local Government Areas (2016)","58890","West Arthur (S)","2016","2016",32,,
"TOT","Total","A15","15 - 19","3","Persons","5","Western Australia","LGA2016","Local Government Areas (2016)","59030","Westonia (S)","2016","2016",6,,
"TOT","Total","A15","15 - 19","3","Persons","5","Western Australia","LGA2016","Local Government Areas (2016)","59100","Wickepin (S)","2016","2016",26,,
"TOT","Total","A15","15 - 19","3","Persons","5","Western Australia","LGA2016","Local Government Areas (2016)","59170","Williams (S)","2016","2016",24,,
"TOT","Total","A15","15 - 19","3","Persons","5","Western Australia","LGA2016","Local Government Areas (2016)","59250","Wiluna (S)","2016","2016",30,,
"TOT","Total","A15","15 - 19","3","Persons","5","Western Australia","LGA2016","Local Government Areas (2016)","59310","Wongan-Ballidu (S)","2016","2016",40,,
"TOT","Total","A15","15 - 19","3","Persons","5","Western Australia","LGA2016","Local Government Areas (2016)","59320","Woodanilling (S)","2016","2016",8,,
"TOT","Total","A15","15 - 19","3","Persons","5","Western Australia","LGA2016","Local Government Areas (2016)","59330","Wyalkatchem (S)","2016","2016",11,,
"TOT","Total","A15","15 - 19","3","Persons","5","Western Australia","LGA2016","Local Government Areas (2016)","59340","Wyndham-East Kimberley (S)","2016","2016",406,,
"TOT","Total","A15","15 - 19","3","Persons","5","Western Australia","LGA2016","Local Government Areas (2016)","59350","Yalgoo (S)","2016","2016",19,,
"TOT","Total","A15","15 - 19","3","Persons","5","Western Australia","LGA2016","Local Government Areas (2016)","59360","Yilgarn (S)","2016","2016",34,,
"TOT","Total","A15","15 - 19","3","Persons","5","Western Australia","LGA2016","Local Government Areas (2016)","59370","York (S)","2016","2016",159,,
"TOT","Total","A15","15 - 19","3","Persons","5","Western Australia","LGA2016","Local Government Areas (2016)","59499","No usual address (WA)","2016","2016",151,,
"TOT","Total","A15","15 - 19","3","Persons","5","Western Australia","LGA2016","Local Government Areas (2016)","59799","Migratory - Offshore - Shipping (WA)","2016","2016",0,,
"TOT","Total","A15","15 - 19","3","Persons","6","Tasmania","LGA2016","Local Government Areas (2016)","60210","Break O'Day (M)","2016","2016",283,,
"TOT","Total","A15","15 - 19","3","Persons","6","Tasmania","LGA2016","Local Government Areas (2016)","60410","Brighton (M)","2016","2016",1162,,
"TOT","Total","A15","15 - 19","3","Persons","6","Tasmania","LGA2016","Local Government Areas (2016)","60610","Burnie (C)","2016","2016",1383,,
"TOT","Total","A15","15 - 19","3","Persons","6","Tasmania","LGA2016","Local Government Areas (2016)","60810","Central Coast (M) (Tas.)","2016","2016",1305,,
"TOT","Total","A15","15 - 19","3","Persons","6","Tasmania","LGA2016","Local Government Areas (2016)","61010","Central Highlands (M) (Tas.)","2016","2016",90,,
"TOT","Total","A15","15 - 19","3","Persons","6","Tasmania","LGA2016","Local Government Areas (2016)","61210","Circular Head (M)","2016","2016",493,,
"TOT","Total","A15","15 - 19","3","Persons","6","Tasmania","LGA2016","Local Government Areas (2016)","61410","Clarence (C)","2016","2016",3165,,
"TOT","Total","A15","15 - 19","3","Persons","6","Tasmania","LGA2016","Local Government Areas (2016)","61510","Derwent Valley (M)","2016","2016",612,,
"TOT","Total","A15","15 - 19","3","Persons","6","Tasmania","LGA2016","Local Government Areas (2016)","61610","Devonport (C)","2016","2016",1564,,
"TOT","Total","A15","15 - 19","3","Persons","6","Tasmania","LGA2016","Local Government Areas (2016)","61810","Dorset (M)","2016","2016",343,,
"TOT","Total","A15","15 - 19","3","Persons","6","Tasmania","LGA2016","Local Government Areas (2016)","62010","Flinders (M) (Tas.)","2016","2016",29,,
"TOT","Total","A15","15 - 19","3","Persons","6","Tasmania","LGA2016","Local Government Areas (2016)","62210","George Town (M)","2016","2016",377,,
"TOT","Total","A15","15 - 19","3","Persons","6","Tasmania","LGA2016","Local Government Areas (2016)","62410","Glamorgan/Spring Bay (M)","2016","2016",143,,
"TOT","Total","A15","15 - 19","3","Persons","6","Tasmania","LGA2016","Local Government Areas (2016)","62610","Glenorchy (C)","2016","2016",2924,,
"TOT","Total","A15","15 - 19","3","Persons","6","Tasmania","LGA2016","Local Government Areas (2016)","62810","Hobart (C)","2016","2016",3009,,
"TOT","Total","A15","15 - 19","3","Persons","6","Tasmania","LGA2016","Local Government Areas (2016)","63010","Huon Valley (M)","2016","2016",939,,
"TOT","Total","A15","15 - 19","3","Persons","6","Tasmania","LGA2016","Local Government Areas (2016)","63210","Kentish (M)","2016","2016",393,,
"TOT","Total","A15","15 - 19","3","Persons","6","Tasmania","LGA2016","Local Government Areas (2016)","63410","King Island (M)","2016","2016",54,,
"TOT","Total","A15","15 - 19","3","Persons","6","Tasmania","LGA2016","Local Government Areas (2016)","63610","Kingborough (M)","2016","2016",2155,,
"TOT","Total","A15","15 - 19","3","Persons","6","Tasmania","LGA2016","Local Government Areas (2016)","63810","Latrobe (M) (Tas.)","2016","2016",539,,
"TOT","Total","A15","15 - 19","3","Persons","6","Tasmania","LGA2016","Local Government Areas (2016)","64010","Launceston (C)","2016","2016",4312,,
"TOT","Total","A15","15 - 19","3","Persons","6","Tasmania","LGA2016","Local Government Areas (2016)","64210","Meander Valley (M)","2016","2016",1227,,
"TOT","Total","A15","15 - 19","3","Persons","6","Tasmania","LGA2016","Local Government Areas (2016)","64610","Northern Midlands (M)","2016","2016",724,,
"TOT","Total","A15","15 - 19","3","Persons","6","Tasmania","LGA2016","Local Government Areas (2016)","64810","Sorell (M)","2016","2016",847,,
"TOT","Total","A15","15 - 19","3","Persons","6","Tasmania","LGA2016","Local Government Areas (2016)","65010","Southern Midlands (M)","2016","2016",399,,
"TOT","Total","A15","15 - 19","3","Persons","6","Tasmania","LGA2016","Local Government Areas (2016)","65210","Tasman (M)","2016","2016",72,,
"TOT","Total","A15","15 - 19","3","Persons","6","Tasmania","LGA2016","Local Government Areas (2016)","65410","Waratah/Wynyard (M)","2016","2016",791,,
"TOT","Total","A15","15 - 19","3","Persons","6","Tasmania","LGA2016","Local Government Areas (2016)","65610","West Coast (M)","2016","2016",177,,
"TOT","Total","A15","15 - 19","3","Persons","6","Tasmania","LGA2016","Local Government Areas (2016)","65810","West Tamar (M)","2016","2016",1502,,
"TOT","Total","A15","15 - 19","3","Persons","6","Tasmania","LGA2016","Local Government Areas (2016)","69499","No usual address (Tas.)","2016","2016",62,,
"TOT","Total","A15","15 - 19","3","Persons","6","Tasmania","LGA2016","Local Government Areas (2016)","69799","Migratory - Offshore - Shipping (Tas.)","2016","2016",0,,
"TOT","Total","A15","15 - 19","3","Persons","7","Northern Territory","LGA2016","Local Government Areas (2016)","70200","Alice Springs (T)","2016","2016",1423,,
"TOT","Total","A15","15 - 19","3","Persons","7","Northern Territory","LGA2016","Local Government Areas (2016)","70420","Barkly (R)","2016","2016",482,,
"TOT","Total","A15","15 - 19","3","Persons","7","Northern Territory","LGA2016","Local Government Areas (2016)","70540","Belyuen (S)","2016","2016",20,,
"TOT","Total","A15","15 - 19","3","Persons","7","Northern Territory","LGA2016","Local Government Areas (2016)","70620","Central Desert (R)","2016","2016",262,,
"TOT","Total","A15","15 - 19","3","Persons","7","Northern Territory","LGA2016","Local Government Areas (2016)","70700","Coomalie (S)","2016","2016",55,,
"TOT","Total","A15","15 - 19","3","Persons","7","Northern Territory","LGA2016","Local Government Areas (2016)","71000","Darwin (C)","2016","2016",4177,,
"TOT","Total","A15","15 - 19","3","Persons","7","Northern Territory","LGA2016","Local Government Areas (2016)","71300","East Arnhem (R)","2016","2016",989,,
"TOT","Total","A15","15 - 19","3","Persons","7","Northern Territory","LGA2016","Local Government Areas (2016)","72200","Katherine (T)","2016","2016",572,,
"TOT","Total","A15","15 - 19","3","Persons","7","Northern Territory","LGA2016","Local Government Areas (2016)","72300","Litchfield (M)","2016","2016",1372,,
"TOT","Total","A15","15 - 19","3","Persons","7","Northern Territory","LGA2016","Local Government Areas (2016)","72330","MacDonnell (R)","2016","2016",562,,
"TOT","Total","A15","15 - 19","3","Persons","7","Northern Territory","LGA2016","Local Government Areas (2016)","72800","Palmerston (C)","2016","2016",2044,,
"TOT","Total","A15","15 - 19","3","Persons","7","Northern Territory","LGA2016","Local Government Areas (2016)","73600","Roper Gulf (R)","2016","2016",604,,
"TOT","Total","A15","15 - 19","3","Persons","7","Northern Territory","LGA2016","Local Government Areas (2016)","74050","Tiwi Islands (R)","2016","2016",187,,
"TOT","Total","A15","15 - 19","3","Persons","7","Northern Territory","LGA2016","Local Government Areas (2016)","74550","Victoria Daly (R)","2016","2016",218,,
"TOT","Total","A15","15 - 19","3","Persons","7","Northern Territory","LGA2016","Local Government Areas (2016)","74560","Wagait (S)","2016","2016",17,,
"TOT","Total","A15","15 - 19","3","Persons","7","Northern Territory","LGA2016","Local Government Areas (2016)","74660","West Arnhem (R)","2016","2016",497,,
"TOT","Total","A15","15 - 19","3","Persons","7","Northern Territory","LGA2016","Local Government Areas (2016)","74680","West Daly (R)","2016","2016",275,,
"TOT","Total","A15","15 - 19","3","Persons","7","Northern Territory","LGA2016","Local Government Areas (2016)","79399","Unincorporated NT","2016","2016",277,,
"TOT","Total","A15","15 - 19","3","Persons","7","Northern Territory","LGA2016","Local Government Areas (2016)","79499","No usual address (NT)","2016","2016",32,,
"TOT","Total","A15","15 - 19","3","Persons","7","Northern Territory","LGA2016","Local Government Areas (2016)","79799","Migratory - Offshore - Shipping (NT)","2016","2016",0,,
"TOT","Total","A15","15 - 19","3","Persons","8","Australian Capital Territory","LGA2016","Local Government Areas (2016)","89399","Unincorporated ACT","2016","2016",24468,,
"TOT","Total","A15","15 - 19","3","Persons","8","Australian Capital Territory","LGA2016","Local Government Areas (2016)","89499","No usual address (ACT)","2016","2016",35,,
"TOT","Total","A15","15 - 19","3","Persons","8","Australian Capital Territory","LGA2016","Local Government Areas (2016)","89799","Migratory - Offshore - Shipping (ACT)","2016","2016",0,,
"TOT","Total","A15","15 - 19","3","Persons","9","Other Territories","LGA2016","Local Government Areas (2016)","99399","Unincorp. Other Territories","2016","2016",205,,
"TOT","Total","A15","15 - 19","3","Persons","9","Other Territories","LGA2016","Local Government Areas (2016)","99499","No usual address (OT)","2016","2016",3,,
"TOT","Total","A15","15 - 19","3","Persons","9","Other Territories","LGA2016","Local Government Areas (2016)","99799","Migratory - Offshore - Shipping (OT)","2016","2016",0,,